{
  "label": "mac_q8_repack_attnq_gateup_512",
  "model_path": "<local-llama-3.2-3b-instruct-q8_0.gguf>",
  "model_id": "llama32-3b-q8-mac_q8_repack_attnq_gateup_512-1778792068240",
  "rss_before_health_kb": 13920,
  "rss_before_load_kb": 14432,
  "rss_after_load_kb": 183648,
  "rss_after_runs_kb": 4351872,
  "load_ms": 418,
  "first_token": {
    "label": "mac_q8_repack_attnq_gateup_512-first-token",
    "wall_ms": 6203,
    "finish_reason": "length",
    "prompt_tokens": 65,
    "completion_tokens": 1,
    "prompt_prefill_ms": null,
    "prompt_prefill_tps": null,
    "generate_ms": 2587,
    "decode_tps_including_prompt": 0.38654812524159254,
    "layers_ms": 2523.53,
    "logits_ms": 42.094,
    "attention_projection_ms": 747,
    "ffn_total_ms": 1684,
    "token_hash": "f0d8e0796b2c65713be5643bc086c99aeab367a8aa5b67144b5590647c9c870f",
    "first_tokens": [
      74694
    ],
    "last_tokens": [
      74694
    ],
    "text_chars": 3,
    "ends_html": false,
    "first_120": "```",
    "last_120": "```"
  },
  "full": {
    "label": "mac_q8_repack_attnq_gateup_512-512",
    "wall_ms": 49455,
    "finish_reason": "length",
    "prompt_tokens": 65,
    "completion_tokens": 512,
    "prompt_prefill_ms": null,
    "prompt_prefill_tps": null,
    "generate_ms": 49421,
    "decode_tps_including_prompt": 10.359968434471176,
    "layers_ms": 47186.388,
    "logits_ms": 2133.923,
    "attention_projection_ms": 7335,
    "ffn_total_ms": 26640,
    "token_hash": "674f404ffc27265139853544848e9bd44d9631cc583614a45e77e2a134017e52",
    "first_tokens": [
      74694,
      1580,
      198,
      13853,
      15822,
      5385,
      397,
      14063,
      397,
      16747,
      397,
      220,
      366,
      2150,
      38532,
      10033,
      4140,
      524,
      2150,
      397,
      220,
      366,
      3612,
      397,
      262,
      2547,
      341,
      415,
      3381,
      17633,
      25,
      53871
    ],
    "last_tokens": [
      25,
      220,
      14648,
      1173,
      286,
      314,
      865,
      25,
      220,
      14648,
      11,
      379,
      25,
      220,
      508,
      1173,
      286,
      314,
      865,
      25,
      220,
      14648,
      11,
      379,
      25,
      220,
      14648,
      1173,
      286,
      314,
      865,
      25
    ],
    "text_chars": 1535,
    "ends_html": false,
    "first_120": "```html\n<!DOCTYPE html>\n<html>\n<head>\n  <title>Maze Game</title>\n  <style>\n    body {\n      font-family: Arial, sans-ser",
    "last_120": "        { x: 20, y: 20 },\n        { x: 20, y: 370 },\n        { x: 370, y: 20 },\n        { x: 370, y: 370 },\n        { x:"
  }
}
